{
  "aura.defs.ts": [],
  "aura.test.ts": [
    "./_100554_tsTestAST"
  ],
  "aura.ts": [],
  "auraOrganismBase.defs.ts": [],
  "auraOrganismBase.test.ts": [
    "/_100554_/l2/tsTestAST.js"
  ],
  "auraOrganismBase.ts": [
    "lit",
    "lit/decorators.js"
  ],
  "build.defs.ts": [],
  "build.test.ts": [
    "./_100554_tsTestAST"
  ],
  "build.ts": [
    "/_100554_/l2/collabLibModel.js",
    "/_100554_/l2/collabLibStor.js",
    "/_100554_/l2/designSystemBase.js",
    "/_100554_/l2/libCompile.js",
    "/_100554_/l2/libCommom.js",
    "/_100554_/l2/utilsLit.js"
  ],
  "collabAuraLiveView.defs.ts": [],
  "collabAuraLiveView.test.ts": [
    "./_100554_tsTestAST"
  ],
  "collabAuraLiveView.ts": [
    "lit",
    "lit/decorators.js",
    "/_100554_/l2/collabLitElement.js",
    "/_102020_/l2/build.js",
    "/_100554_/l2/libCommom.js",
    "/_100554_/l2/collabNav4Menu.js"
  ],
  "designSystem.defs.ts": [],
  "designSystem.test.ts": [
    "./_100554_tsTestAST"
  ],
  "designSystem.ts": [
    "/_100554_/l2/designSystemBase.js"
  ],
  "enhancementAura.defs.ts": [],
  "enhancementAura.test.ts": [
    "/_100554_/l2/tsTestAST.js"
  ],
  "enhancementAura.ts": [
    "/_100554_/l2/utilsLit.js",
    "/_100554_/l2/propiertiesLit.js",
    "/_100554_/l2/dependenciesLit.js",
    "/_100554_/l2/validateLit.js",
    "/_100554_/l2/codeLensLit.js",
    "/_100554_/l2/processCssLit.js"
  ],
  "project.defs.ts": [],
  "project.test.ts": [
    "./_100554_tsTestAST"
  ],
  "project.ts": [],
  "start.defs.ts": [],
  "start.test.ts": [
    "./_100554_tsTestAST"
  ],
  "start.ts": []
}