{
  "agentScaffoldToOrganismMock.defs.ts": [],
  "agentScaffoldToOrganismMock.test.ts": [
    "./_100554_tsTestAST"
  ],
  "agentScaffoldToOrganismMock.ts": [
    "/_100554_/l2/aiAgentBase.js",
    "/_100554_/l2/aiPrompts.js",
    "/_100554_/l2/collabLibModel.js",
    "/_100554_/l2/libCommom.js",
    "/_100554_/l2/collabState.js",
    "/_100554_/l2/serviceSource.js",
    "/_100554_/l2/aiAgentHelper.js",
    "/_100554_/l2/aiAgentOrchestration.js"
  ],
  "agentUpdateMocks.defs.ts": [],
  "agentUpdateMocks.test.ts": [
    "./_100554_tsTestAST"
  ],
  "agentUpdateMocks.ts": [
    "/_100554_/l2/aiAgentBase.js",
    "/_100554_/l2/aiPrompts.js",
    "/_100554_/l2/collabLibModel.js",
    "/_100554_/l2/collabImport.js",
    "/_100554_/l2/collabState.js",
    "/_100554_/l2/serviceSource.js",
    "/_100554_/l2/aiAgentHelper.js",
    "/_100554_/l2/aiAgentOrchestration.js"
  ],
  "agentUpdateTemporaryEndpoints.defs.ts": [],
  "agentUpdateTemporaryEndpoints.test.ts": [
    "./_100554_tsTestAST"
  ],
  "agentUpdateTemporaryEndpoints.ts": [
    "/_100554_/l2/aiAgentBase.js",
    "/_100554_/l2/aiPrompts.js",
    "/_100554_/l2/collabLibModel.js",
    "/_100554_/l2/aiAgentHelper.js",
    "/_100554_/l2/aiAgentOrchestration.js"
  ],
  "agentUpdateTemporaryEndpoints2.defs.ts": [],
  "agentUpdateTemporaryEndpoints2.test.ts": [
    "./_100554_tsTestAST"
  ],
  "agentUpdateTemporaryEndpoints2.ts": [
    "/_100554_/l2/aiAgentBase.js",
    "/_100554_/l2/aiPrompts.js",
    "/_100554_/l2/collabLibModel.js",
    "/_100554_/l2/aiAgentHelper.js",
    "/_100554_/l2/aiAgentOrchestration.js"
  ],
  "aura.defs.ts": [],
  "aura.test.ts": [
    "./_100554_tsTestAST"
  ],
  "aura.ts": [],
  "build.defs.ts": [],
  "build.test.ts": [
    "./_100554_tsTestAST"
  ],
  "build.ts": [
    "/_100554_/l2/collabLibModel.js",
    "/_100554_/l2/collabLibStor.js",
    "/_100554_/l2/designSystemBase.js",
    "/_100554_/l2/libCompile.js",
    "/_100554_/l2/libCommom.js",
    "/_100554_/l2/utilsLit.js"
  ],
  "collabAuraLiveView.defs.ts": [],
  "collabAuraLiveView.test.ts": [
    "./_100554_tsTestAST"
  ],
  "collabAuraLiveView.ts": [
    "lit",
    "lit/decorators.js",
    "/_100554_/l2/collabLitElement.js",
    "/_102020_/l2/build.js",
    "/_100554_/l2/libCommom.js",
    "/_100554_/l2/collabNav4Menu.js"
  ],
  "designSystem.defs.ts": [],
  "designSystem.test.ts": [
    "./_100554_tsTestAST"
  ],
  "designSystem.ts": [
    "/_100554_/l2/designSystemBase.js"
  ],
  "project.defs.ts": [],
  "project.test.ts": [
    "./_100554_tsTestAST"
  ],
  "project.ts": [],
  "start.defs.ts": [],
  "start.test.ts": [
    "./_100554_tsTestAST"
  ],
  "start.ts": []
}